{
  "epochs": [
    1,
    2,
    3,
    4,
    5,
    6,
    7,
    8,
    9,
    10,
    11,
    12,
    13
  ],
  "train_loss": [
    0.10199115961440838,
    0.01781438365433132,
    0.009097886140734772,
    0.04831235567529802,
    0.04812846790067851,
    0.07997208545741159,
    0.005059511197650864,
    0.0029762537754140796,
    0.004996967395236425,
    0.0013575734183541499,
    0.00033307620858977313,
    0.00033061645472116653,
    0.00025165088149606166
  ],
  "train_acc": [
    95.5,
    99.5,
    99.5,
    98.25,
    98.75,
    97.25,
    100.0,
    99.75,
    99.75,
    100.0,
    100.0,
    100.0,
    100.0
  ],
  "val_loss": [
    0.013047150350757875,
    0.11541433288764276,
    0.0033503119235060047,
    0.11850369818109487,
    0.0009806731413196498,
    0.0021246116375550628,
    6.814348840375064e-05,
    0.00021837504105600862,
    8.059714517522869e-05,
    7.611495449769532e-05,
    3.346954920451546e-05,
    7.431847201847372e-05,
    4.15667596809856e-05
  ],
  "val_acc": [
    99.0,
    98.0,
    100.0,
    99.0,
    100.0,
    100.0,
    100.0,
    100.0,
    100.0,
    100.0,
    100.0,
    100.0,
    100.0
  ]
}